id,business_name,instagram_handle,instagram_url,municipality,address_or_area,category,verification_status,verification_note,source_urls_text
1,BRGym Personal Training,a.s.d._brgym,https://www.instagram.com/a.s.d._brgym/,Aci Bonaccorsi,"Via Giacomo Puccini, 33",centro personal training,verificato,"Profilo ufficiale confermato tramite ricerca web, indirizzo in Via G. Puccini 33, Aci Bonaccorsi.",https://www.instagram.com/a.s.d._brgym/ | https://swimliv.com/swim-schools/italy/aci-santantonio/a-s-d-brgym
2,Butterfly Circus SSD,butterflycircusssd,https://www.instagram.com/butterflycircusssd/,Aci Bonaccorsi,Via Battiati 44/B,palestra,verificato,"Profilo ufficiale confermato tramite ricerca web e Facebook, indirizzo in Via Battiati 44/B, Aci Bonaccorsi.",https://www.instagram.com/butterflycircusssd/ | https://www.facebook.com/p/Butterfly-Circus-100045146748505/
3,Palestra SD Fitness,palestra_sd_fitness_asd,https://www.instagram.com/palestra_sd_fitness_asd/,Aci Bonaccorsi,Via Stadio 14,palestra,verificato,"Profilo ufficiale confermato tramite ricerca web e Facebook, indirizzo in Via Stadio 14, Aci Bonaccorsi.",https://www.instagram.com/palestra_sd_fitness_asd/ | https://www.facebook.com/61575086602720/posts/%EF%B8%8F-palestra-sd-fitness-%EF%B8%8F-ci-trovi-in-via-stadio-14-aci-bonaccorsi-328-314-0616/122136715304836220/
4,4 Spa Sport,4spasport,https://www.instagram.com/4spasport/,Aci Castello,Via Nazionale 114,palestra,verificato,"Profilo ufficiale della palestra del 4 Spa Hotel, confermato indirizzo ad Aci Castello.",https://www.instagram.com/4spasport/ | https://www.4spa.it/en/gym
5,CrossFit Etna,crossfitetna,https://www.instagram.com/crossfitetna/,Aci Castello,Aci Castello,box crossfit,verificato,Box CrossFit confermato ad Aci Castello tramite post Instagram.,https://www.instagram.com/crossfitetna/ | https://www.crossfit.com/gym/12746/crossfit-etna
6,Ellevu Fit&events,ellevufitandevents,https://www.instagram.com/ellevufitandevents/,Aci Castello,"Via Napoli, Cannizzaro",centro fitness,verificato,"Centro fitness situato a Cannizzaro, frazione di Aci Castello, confermato tramite bio Instagram.",https://www.instagram.com/ellevufitandevents/
7,PTLAB Catania,ptlab.catania,https://www.instagram.com/ptlab.catania/,Aci Castello,Via Carlo Gemmellaro 20,centro personal training,verificato,"Studio di personal training situato ad Aci Castello, confermato tramite bio Instagram.",https://www.instagram.com/ptlab.catania/
8,Synthesis Club,synthesis_club,https://www.instagram.com/synthesis_club/,Aci Castello,Via Napoli,palestra,verificato,"Profilo Instagram ufficiale trovato, confermato indirizzo ad Aci Castello.",https://www.instagram.com/synthesis_club/
9,A.S.D. Winner's Fitness,winnersfitness,https://www.instagram.com/winnersfitness/,Aci Catena,"Via Ulisse, 77",palestra,verificato,"Profilo Instagram ufficiale confermato, indirizzo a Aci Catena.",https://www.instagram.com/winnersfitness/ | https://www.facebook.com/winnersfitness.vampolieri/ | https://www.virgilio.it/italia/aci-catena/cat/PALESTRE_E_FITNESS.html
10,Asd Vera Academy,asd_veraacademy,https://www.instagram.com/asd_veraacademy/,Aci Catena,"Via Turi D'Agostino, 72",danza e fitness,verificato,"Profilo Instagram ufficiale confermato, scuola di danza e fitness a Aci Catena.",https://www.instagram.com/asd_veraacademy/
11,ATZ Fitness Club,atzfitnessclub,https://www.instagram.com/atzfitnessclub/,Aci Catena,"Via Luciano Tomasello, 6",palestra,verificato,"Profilo Instagram ufficiale confermato, palestra a Aci Catena.",https://www.instagram.com/atzfitnessclub/ | https://www.facebook.com/atzfitnessclub/ | https://fitnessfast.it/atz-fitness-club-via-luciano-tomasello-aci-catena/
12,Cobra Lab,cobra.lab,https://www.instagram.com/cobra.lab/,Aci Catena,"Via Alfredo Rampi, 18",functional training e pilates,verificato,"Profilo Instagram ufficiale confermato, palestra/danza a Aci Catena.",https://www.instagram.com/cobra.lab/ | https://www.facebook.com/CobraLab22/
13,Palestra Vampolieri,palestravampolieri,https://www.instagram.com/palestravampolieri/,Aci Catena,Vampolieri,palestra,verificato,"Profilo Instagram ufficiale confermato, palestra a Vampolieri, Aci Catena.",https://www.instagram.com/palestravampolieri/
14,Asd Olimpia fitness center,_olimpia_fitness_,https://www.instagram.com/_olimpia_fitness_/,Aci Sant'Antonio,Via G.De Felice n 8,palestra,verificato,"Profilo Instagram verificato, palestra ad Aci Sant'Antonio.",https://www.instagram.com/_olimpia_fitness_/ | https://www.facebook.com/lucaallegraolimpiafitness/
15,Athena Cross Training,athena_crosstraining,https://www.instagram.com/athena_crosstraining/,Aci Sant'Antonio,"Via Alexander Fleming, 5",crossfit,verificato,"Profilo Instagram verificato, crossfit ad Aci Sant'Antonio.",https://www.instagram.com/athena_crosstraining/ | https://www.fresha.com/lvp/athena-cross-training-via-alexander-fleming-EvRB8e
16,Fitstyle,a.c.n._fitstyle_,https://www.instagram.com/a.c.n._fitstyle_/,Aci Sant'Antonio,Via G. Matteotti 39,palestra,verificato,"Profilo Instagram verificato, palestra ad Aci Sant'Antonio.",https://www.instagram.com/a.c.n._fitstyle_/ | https://www.facebook.com/acnfitstyle/
17,Iron Life fitness club,iron_life_fitness_club_,https://www.instagram.com/iron_life_fitness_club_/,Aci Sant'Antonio,"Via Dante Alighieri, 50",palestra,verificato,"Profilo Instagram verificato, palestra ad Aci Sant'Antonio.",https://www.instagram.com/iron_life_fitness_club_/ | https://www.fresha.com/lvp/iron-life-fitness-club-via-dante-alighieri-aci-santantonio-ovEj6a | https://www.fresha.com/en-GB/lvp/iron-life-fitness-club-via-dante-alighieri-aci-santantonio-ovEj6a
18,Brizz Nuoto & Fitness,brizznuotoefitness,https://www.instagram.com/brizznuotoefitness/,Acireale,Via V.Sardella 14,centro fitness,verificato,Profilo Instagram verificato come palestra/centro fitness ad Acireale (CT).,https://www.instagram.com/brizznuotoefitness/
19,CrossFit Acireale,crossfitacireale,https://www.instagram.com/crossfitacireale/,Acireale,Acireale,box crossfit,verificato,Profilo Instagram verificato come palestra/centro fitness ad Acireale (CT).,https://www.instagram.com/crossfitacireale/
20,FitActive Acireale,fitactiveacireale,https://www.instagram.com/fitactiveacireale/,Acireale,Via Santa Maria delle Grazie,palestra,verificato,Profilo Instagram verificato come palestra/centro fitness ad Acireale (CT).,https://www.instagram.com/fitactiveacireale/ | https://www.fitactive.it/i-club/Acireale.php
21,Fitness&Fight Acireale,fitness_and_fight,https://www.instagram.com/fitness_and_fight/,Acireale,Via Nazionale per Catania 129,palestra,verificato,Profilo Instagram verificato come palestra/centro fitness ad Acireale (CT).,https://www.instagram.com/fitness_and_fight/
22,Masters of Fitness,mastersoffitness,https://www.instagram.com/mastersoffitness/,Acireale,Acireale,palestra,verificato,Profilo Instagram verificato come palestra/centro fitness ad Acireale (CT).,https://www.instagram.com/mastersoffitness/ | https://www.facebook.com/mastersfitnessitalia/
23,OFIT BOX,ofitbox,https://www.instagram.com/ofitbox/,Acireale,Acireale,box cross training,verificato,Profilo Instagram verificato come palestra/centro fitness ad Acireale (CT).,https://www.instagram.com/ofitbox/
24,Palestra Vany Sport,vanysport_palestra,https://www.instagram.com/vanysport_palestra/,Acireale,Acireale,palestra,verificato,Profilo Instagram verificato come palestra/centro fitness ad Acireale (CT).,https://www.instagram.com/vanysport_palestra/ | https://www.facebook.com/vanysportpalestra/
25,Scandura Fitness,scandurafitness,https://www.instagram.com/scandurafitness/,Acireale,Via Scalia,palestra,verificato,Profilo Instagram verificato come palestra/centro fitness ad Acireale (CT).,https://www.instagram.com/scandurafitness/ | https://www.facebook.com/pages/Scandura-Fitness/666724020124437
26,Volcania Fitness Center,volcaniafitnesscenter,https://www.instagram.com/volcaniafitnesscenter/,Acireale,Acireale Centro,palestra,verificato,Profilo Instagram verificato come palestra/centro fitness ad Acireale (CT).,https://www.instagram.com/volcaniafitnesscenter/
27,Centro Core,coreadrano,https://www.instagram.com/coreadrano/,Adrano,Adrano,centro pilates e fitness,verificato,Profilo Instagram confermato come attivo e corrispondente a un centro pilates/fitness ad Adrano.,https://www.instagram.com/coreadrano/
28,Victoria Sporting Club,victoriasportingclub,https://www.instagram.com/victoriasportingclub/,Adrano,Via Catania 18,palestra,verificato,Profilo Instagram confermato come attivo e corrispondente a una palestra ad Adrano.,https://victoriasportingclub.it/ | https://www.instagram.com/victoriasportingclub/ | https://www.facebook.com/victoriasportingclub/
29,AREA 4 asd,area_4_asd,https://www.instagram.com/area_4_asd/,Belpasso,Belpasso,Palestra,verificato,Profilo palestra verificato.,https://www.instagram.com/area_4_asd/ | https://fitnessfast.it/palestre/sicilia/belpasso/
30,CrossBox Belpasso,crossbox.belpasso,https://www.instagram.com/crossbox.belpasso/,Belpasso,Belpasso,CrossTraining / Weightlifting,verificato,"Box CrossFit, profilo verificato.",https://www.instagram.com/crossbox.belpasso/
31,FitActive Catania Belpasso,fitactivecatania.belpasso,https://www.instagram.com/fitactivecatania.belpasso/,Belpasso,"Via Rinaudo, 4",Palestra / Fitness 24/7,verificato,"Franchising noto, profilo verificato.",https://www.instagram.com/fitactivecatania.belpasso/ | https://www.fitactive.it/i-club/CataniaBelpasso.php
32,Kolman Fitness - Centro Benessere,official_kolmanfitness,https://www.instagram.com/official_kolmanfitness/,Belpasso,Via III Retta di Ponente,Palestra / Centro Benessere,verificato,Centro benessere/palestra verificato.,https://fitnessfast.it/kolman-fitness-centro-benessere-via-iii-retta-di-ponente-belpasso/ | https://www.instagram.com/p/CbAMhFbI6JO/
33,Mighty Gym A.S.D,mighty_gym_biancavilla,https://www.instagram.com/mighty_gym_biancavilla/,Biancavilla,via delle madonie 3,palestra,verificato,Profilo Instagram ufficiale confermato a Biancavilla.,https://www.instagram.com/mighty_gym_biancavilla/ | https://www.facebook.com/p/Migthy-gym-ASD-Biancavilla-100040214900464/
34,Pleiadi Palestre,pleiadipalestre,https://www.instagram.com/pleiadipalestre/,Biancavilla,Via del Trebbiatore / Villa Delle Favare,palestra,verificato,Profilo Instagram ufficiale confermato a Biancavilla.,https://www.instagram.com/pleiadipalestre/ | https://fitprime.com/it/servizi/places/centri-sportivi/catania/ssd_pleiadi_scienza_e_movimento
35,Centro Sportivo Fitness Planet,centrosporty,https://www.instagram.com/centrosporty/,Bronte,Via Tancredi D'Altavilla,palestra,verificato,"Palestra confermata a Bronte, profilo Instagram e Facebook attivi.",https://www.facebook.com/centrosporty/ | https://www.instagram.com/explore/locations/155403038260779/centro-sportivo-fitness-planet/ | https://www.paginegialle.it/bronte-ct/centro-sportivo-brontese-saporito-claudia-c
36,Il Tempio Del Fitness Bronte,iltempiodelfitness,https://www.instagram.com/iltempiodelfitness/,Bronte,Bronte,palestra,verificato,"Palestra confermata a Bronte, profilo Instagram trovato (iltempiodelfitness).",https://www.instagram.com/iltempiodelfitness/ | https://www.facebook.com/667515846724873
37,Palestra New Body,palestra.newbody,https://www.instagram.com/palestra.newbody/,Bronte,Viale Catania 29,palestra,verificato,"Palestra confermata a Bronte, profilo Instagram e Facebook attivi.",https://www.facebook.com/palestra.newbody.bronte/ | https://www.instagram.com/explore/locations/268367195/palestra-new-body/
38,Pitbull Gym - Kickboxing & Muay Thai,pitbullgymbronte,https://www.instagram.com/pitbullgymbronte/,Bronte,Via Tancredi D'Altavilla,functional training,verificato,Palestra di arti marziali e fitness confermata a Bronte.,https://www.instagram.com/pitbullgymbronte/ | https://www.localshop24.com/it/bronte-ct-it/attivita/centro-arti-marziali/pitbull-gym-bronte-kickboxing-muay-thai/
39,Entra in Scena,asd_entrainscena,https://www.instagram.com/asd_entrainscena/,Calatabiano,Via Macherione 120,palestra / danza,verificato,"Profilo attivo, offre zumba, fitness jump, fit boxe e danza a Calatabiano.",https://www.instagram.com/asd_entrainscena/ | https://www.facebook.com/entrainscena/
40,You CAN DANCE studio danza e fitness,youcandanceaccademia,https://www.instagram.com/youcandanceaccademia/,Calatabiano,Via Battioni 10,studio danza e fitness,verificato,"Profilo attivo, offre danza e fitness a Calatabiano e Fiumefreddo di Sicilia.",https://www.instagram.com/youcandanceaccademia/ | https://www.facebook.com/p/You-CAN-DANCE-studio-danza-e-fitness-100063662596955/
41,ASD Universal 95 Palestra,universal95,https://www.instagram.com/universal95/,Caltagirone,Caltagirone,palestra,probabile,"Il profilo sembra esistere (forse universal_95_), confermata la presenza a Caltagirone.",https://www.instagram.com/explore/locations/311268652/asd-universal-95-palestra/
42,EMS REVOLUTION CALTAGIRONE,emsrevolution_caltagirone,https://www.instagram.com/emsrevolution_caltagirone/,Caltagirone,Caltagirone,centro fitness,verificato,Profilo verificato tramite ricerca web.,https://www.instagram.com/emsrevolution_caltagirone/
43,Iron Fitness Club SSD S.R.L,ironfitness.club,https://www.instagram.com/ironfitness.club/,Caltagirone,Via Luigi Pirandello 4,palestra,verificato,Profilo verificato tramite ricerca web.,https://www.instagram.com/ironfitness.club/ | https://www.paginegialle.it/caltagirone-ct/palestre/iron-fitness-club-ssd-s-r-l
44,Kiran Club,kiran_club,https://www.instagram.com/kiran_club/,Caltagirone,Caltagirone,wellness club,verificato,Profilo verificato tramite ricerca web.,https://www.instagram.com/kiran_club/ | https://kiranclub.it/
45,Kiran Wellness,kiranwellnessclub,https://www.instagram.com/kiranwellnessclub/,Caltagirone,Caltagirone,wellness club,verificato,Profilo verificato tramite ricerca web.,https://www.instagram.com/kiranwellnessclub/ | https://kiranclub.it/wellness/
46,New Bobadilla Fitness Club,newbobadillafitnesscaltagirone,https://www.instagram.com/newbobadillafitnesscaltagirone/,Caltagirone,Caltagirone,palestra,verificato,Profilo verificato tramite ricerca web.,https://www.instagram.com/newbobadillafitnesscaltagirone/
47,Fit Lab Centro Fitness,fit.lab_centrifitness,https://www.instagram.com/fit.lab_centrifitness/,Camporotondo Etneo,Via Vergine Maria 12 A,palestra,verificato,"Profilo Instagram attivo, conferma sede a Camporotondo Etneo in Via Vergine Maria 12 A.",https://www.instagram.com/fit.lab_centrifitness/ | https://www.facebook.com/asdextreme.palestre/ | https://fitprime.com/it/servizi/places/centri-sportivi/catania/fit_lab_san_pietro_clarenza
48,Judica Fitness a.s.d,judica_fitness_asd,https://www.instagram.com/judica_fitness_asd/,Castel di Iudica,"Via Dott. S. Ingrassa 23, Giumarra",palestra,verificato,"Profilo Facebook e Instagram trovati, confermata associazione sportiva e palestra a Castel di Iudica (Giumarra).",https://www.facebook.com/p/Judica-Fitness-asd-100045156475851/ | https://www.instagram.com/explore/locations/1025390111/judica-fitness-asd/
49,Pleiadi Scienza e Movimento,pleiadi_sm,https://www.instagram.com/pleiadi_sm/,Castel di Iudica,Castel di Iudica,palestra,da_controllare,"Profilo Instagram attivo su fitness/danza, ma alcuni risultati web lo posizionano a Biancavilla (Via Perrieri), sebbene collabori con ASD Castel di Iudica.",https://www.instagram.com/pleiadi_sm/ | https://www.virgilio.it/italia/castel-di-iudica/cat/PALESTRE_E_FITNESS.html
50,Aesthetic Luxury Fitness Club,aestheticluxuryfitnessclub,https://www.instagram.com/aestheticluxuryfitnessclub/,Catania,Via Vincenzo Giuffrida 212,palestra,verificato,"Profilo ufficiale confermato, indirizzo a Catania.",https://www.instagram.com/aestheticluxuryfitnessclub/ | https://fitprime.com/en/services/places/sport-centers/catania/aesthetic_luxury_fitness_club
51,AREA FITNESS,areafitness_catania,https://www.instagram.com/areafitness_catania/,Catania,Catania,centro fitness,verificato,"Profilo Instagram confermato, palestra a Catania.",https://www.instagram.com/areafitness_catania/
52,City Wellness Palestra,citywellnessct,https://www.instagram.com/citywellnessct/,Catania,Via Cifali 3A,palestra,verificato,"Profilo ufficiale trovato (citywellnessct), indirizzo a Catania.",https://www.instagram.com/citywellnessct/ | https://www.facebook.com/citywellnessct/
53,Crossfit Catania,crossfit_catania,https://www.instagram.com/crossfit_catania/,Catania,Catania,crossfit,verificato,App e riferimenti confermano l'esistenza di Crossfit Catania.,https://www.instagram.com/crossfit_catania/
54,FitActive Catania Centro,fitactivecatania.centro,https://www.instagram.com/fitactivecatania.centro/,Catania,Via Oliveto Scammacca 34,palestra,verificato,"Profilo ufficiale confermato, indirizzo a Catania.",https://www.instagram.com/fitactivecatania.centro/ | https://www.fitactive.it/i-club/CataniaCentro.php
55,I-FIT Sport Club,ifitcatania_fisiopilates,https://www.instagram.com/ifitcatania_fisiopilates/,Catania,Via Vincenzo Scannapieco 2,palestra,verificato,"Profilo ufficiale trovato (ifitcatania_fisiopilates), indirizzo a Catania.",https://www.instagram.com/ifitcatania_fisiopilates/ | https://www.ifitsportclubcatania.it/
56,Mcfit Catania,mcfitcataniaspotted,https://www.instagram.com/mcfitcataniaspotted/,Catania,"Corso Italia, 91-95",palestra,da_controllare,"Trovato profilo spotted non ufficiale, ma la palestra esiste a Catania.",https://www.mcfit.com/it/palestra/catania | https://www.instagram.com/mcfitcataniaspotted/
57,Palestre Massimino,palestre_massimino_asd,https://www.instagram.com/palestre_massimino_asd/,Catania,Via dell'Esperanto 2,palestra,verificato,"Profilo ufficiale confermato, indirizzo a Catania.",https://www.instagram.com/palestre_massimino_asd/
58,Athletic Club,athleticclub_fiumefreddogiarre,https://www.instagram.com/athleticclub_fiumefreddogiarre/,Fiumefreddo di Sicilia,Fiumefreddo di Sicilia,palestra,verificato,"Profilo Instagram attivo, riferimenti a ginnastica e fitness, sedi a Giarre e Fiumefreddo di Sicilia.",https://www.instagram.com/athleticclub_fiumefreddogiarre/ | https://www.facebook.com/p/Athletic-Club-Giarre-Fiumefreddo-di-Sic-100063554139018/
59,Palestra Movimento e Benessere,movimentoebenessere_,https://www.instagram.com/movimentoebenessere_/,Fiumefreddo di Sicilia,Via Diana 175,palestra,verificato,"Profilo Instagram attivo, palestra a Fiumefreddo di Sicilia in Via Diana 175.",https://www.instagram.com/movimentoebenessere_/ | https://www.facebook.com/MovimentoeBenessere1/
60,Abion Gym,abiongymgiarre,https://www.instagram.com/abiongymgiarre/,Giarre,Giarre,palestra,verificato,"Profilo Instagram attivo, confermato a Giarre.",https://abiongymgiarre.com/ | https://www.instagram.com/abiongymgiarre/
61,FitActive Giarre,fitactive.giarre,https://www.instagram.com/fitactive.giarre/,Giarre,"Via Rovettazzo Loc. Trepunti, snc",palestra,verificato,"Profilo Instagram attivo, confermato a Giarre.",https://www.fitactive.it/i-club/Giarre.php | https://www.instagram.com/fitactive.giarre/
62,Fusion Fitness e Danza,fusionfitnessedanza,https://www.instagram.com/fusionfitnessedanza/,Giarre,Via Pietro Mascagni 15,palestra,verificato,"Profilo Instagram attivo, confermato a Giarre (Via Pietro Mascagni 15).",https://www.facebook.com/fusionfitnessdanza/?locale=it_IT | https://www.instagram.com/fusionfitnessedanza/
63,Number One Fitness,numberonefitness,https://www.instagram.com/numberonefitness/,Giarre,Giarre,palestra,verificato,"Profilo Instagram attivo, location Giarre confermata.",https://fitprime.com/it/servizi/places/centri-sportivi/catania/number_one_fitness
64,Over The Top Fitness,overthetopfitnessgiarre,https://www.instagram.com/overthetopfitnessgiarre/,Giarre,Giarre,personal training,verificato,"Profilo Instagram attivo, personal trainer a Giarre.",https://www.instagram.com/overthetopfitnessgiarre/
65,Tao Fitness,info.taofitness,https://www.instagram.com/info.taofitness/,Giarre,Via Lazio 29,palestra,verificato,"Profilo Instagram attivo, confermato a Giarre.",https://www.instagram.com/info.taofitness/
66,Ben&fit SPA e Fitness,benefit_spa_fitness,https://www.instagram.com/benefit_spa_fitness/,Grammichele,Via Carlo Alberto dalla Chiesa,centro benessere e fitness,verificato,"Profilo Instagram attivo e confermato, indirizzo e attività corrispondono a Grammichele.",https://www.instagram.com/benefit_spa_fitness/ | https://benefitsport.it/
67,Dynamic,_dynamic_fitnessand_dance,https://www.instagram.com/_dynamic_fitnessand_dance/,Grammichele,"Via Agostino De Pretis, 170",palestra,verificato,"Profilo Instagram attivo e confermato, indirizzo e attività corrispondono a Grammichele.",https://www.instagram.com/_dynamic_fitnessand_dance/ | https://www.facebook.com/p/Dynamic-100057860731310/
68,Athletic Center Gravina,athleticcentergravina,https://www.instagram.com/athleticcentergravina/,Gravina di Catania,Via A. Gramsci 64,palestra,verificato,"Profilo ufficiale verificato, indirizzo a Gravina di Catania confermato.",https://www.instagram.com/athleticcentergravina/ | https://www.facebook.com/p/Athletic-Center-Gravina-61565255846918/
69,OneFit Palestra,onefitpalestre,https://www.instagram.com/onefitpalestre/,Gravina di Catania,Via Milanese 59,palestra,verificato,"Profilo ufficiale verificato, sede a Gravina di Catania confermata.",https://www.instagram.com/onefitpalestre/ | https://www.onefitpalestre.it/
70,Orient & Fitness,orient_fitness_,https://www.instagram.com/orient_fitness_/,Gravina di Catania,Via Umberto 3,palestra,verificato,"Profilo ufficiale verificato, indirizzo a Gravina di Catania confermato.",https://www.instagram.com/orient_fitness_/ | https://www.facebook.com/p/Palestra-Orientfitness-100050448775851/
71,UP LEVEL Gravina di Catania,uplevelfitness,https://www.instagram.com/uplevelfitness/,Gravina di Catania,Via Don Bosco 36,palestra,verificato,"Profilo ufficiale verificato, sede a Gravina di Catania confermata.",https://www.instagram.com/uplevelfitness/ | https://uplevel.fitness/1048-gravina-di-catania-via-don-bosco-36 | https://www.instagram.com/p/DVgkYE2DB3C/
72,Bodyclub Licodiaeubea,bodyclub.licodiaeubea,https://www.instagram.com/bodyclub.licodiaeubea/,Licodia Eubea,Via Santa Lucia 78,palestra,verificato,"Profilo Instagram verificato, palestra situata a Licodia Eubea.",https://www.instagram.com/bodyclub.licodiaeubea/ | https://www.facebook.com/bodyclub.licodiaeubea/
73,Iron Gym,irongym.g,https://www.instagram.com/irongym.g/,Licodia Eubea,Via San Pietro 6,palestra,verificato,"Profilo Instagram verificato, palestra situata a Licodia Eubea.",https://www.instagram.com/irongym.g/ | https://www.facebook.com/p/Iron-Gym-100036326718156/
74,Etna Fit,etnafit_linguaglossa,https://www.instagram.com/etnafit_linguaglossa/,Linguaglossa,Via E.Grasso 6,palestra,verificato,"Profilo ufficiale verificato, palestra a Linguaglossa in Via E.Grasso 6.",https://www.instagram.com/etnafit_linguaglossa/ | https://www.etnafit.it/ | https://www.facebook.com/100063967154736/photos/
75,Vulk Lab,vulklab,https://www.instagram.com/vulklab/,Linguaglossa,Linguaglossa,cross-training e pilates,verificato,"Profilo ufficiale verificato, attività di cross-training e pilates a Linguaglossa.",https://www.instagram.com/vulklab/
76,Accademia Gym,cfaccademia_,https://www.instagram.com/cfaccademia_/,Maletto,Via Collodi 8a,palestra,verificato,Profilo Instagram ufficiale confermato dai post e dalla localizzazione a Maletto.,https://palestre.fitness/it/i/18449-accademia-palestra/ | https://www.instagram.com/cfaccademia_/ | https://www.facebook.com/p/Accademia-Gym-100064043444282/
77,Athenaeum Palestre,athenaeumpalestra,https://www.instagram.com/athenaeumpalestra/,Mascali,"Via Spiaggia 353, Mascali",palestra,verificato,"Profilo Instagram attivo, offre fitness, arti marziali e danza. Localizzato a Mascali.",https://www.instagram.com/athenaeumpalestra/ | https://www.facebook.com/p/Athenaeum-Palestre-100040193299390/ | https://lasiciliashopping.it/attivita/a-s-d-athenaeum-palestra-mascali-ct/
78,Palestra Mike's Gym,palestramikesgym,https://www.instagram.com/palestramikesgym/,Mascali,"Via Stazione 19, Mascali",palestra,verificato,"Profilo Instagram attivo, palestra ben nota a Mascali.",https://www.instagram.com/palestramikesgym/ | https://www.facebook.com/mikesgymfitness/
79,ASD OLYMPIC CLUB,olympiclub.90,https://www.instagram.com/olympiclub.90/,Mascalucia,Corso San Vito 57,palestra,verificato,"Profilo Instagram attivo, indirizzo a Mascalucia confermato.",https://www.instagram.com/olympiclub.90/ | https://www.instagram.com/p/DFF06wFoPLv/ | https://www.instagram.com/p/DFF06wFoPLv/?hl=en | https://www.facebook.com/olympiclub.90/
80,Etna Fitness,etnafitness,https://www.instagram.com/etnafitness/,Mascalucia,Via Tremestieri 48,palestra,verificato,"Profilo Instagram attivo, indirizzo a Mascalucia confermato.",https://www.instagram.com/etnafitness/
81,Indoor Club 2.0,indoor_club_2.0,https://www.instagram.com/indoor_club_2.0/,Mascalucia,Via Wagner n. 9,palestra,verificato,"Profilo Instagram attivo, indirizzo a Mascalucia confermato.",https://www.instagram.com/indoor_club_2.0/ | https://www.paginegialle.it/sicilia/mascalucia/palestre.html
82,Luné Pilates Studio,lunepilatesstudio,https://www.instagram.com/lunepilatesstudio/,Mascalucia,Via del Bosco 279,pilates,verificato,"Profilo Instagram attivo, studio pilates a Mascalucia.",https://www.instagram.com/lunepilatesstudio/
83,Palestra ASCAM,palestra_ascam,https://www.instagram.com/palestra_ascam/,Mascalucia,Via Siracusa n 6,palestra,verificato,"Profilo Instagram attivo, indirizzo a Mascalucia confermato.",https://www.instagram.com/palestra_ascam/ | https://www.paginegialle.it/sicilia/mascalucia/palestre.html
84,SGF Studio,sgf_rehab,https://www.instagram.com/sgf_rehab/,Mascalucia,Via IV Novembre 48,riabilitazione e benessere,verificato,"Profilo Instagram attivo, centro riabilitazione e benessere a Mascalucia.",https://www.instagram.com/sgf_rehab/
85,Olimpia Fitness Mazzarrone,olimpiafitnessmazzarrone,https://www.instagram.com/olimpiafitnessmazzarrone/,Mazzarrone,Viale del Lavoro,palestra,verificato,Profilo Instagram esistente e pagina Facebook ufficiale confermano l'attività a Mazzarrone.,https://fitprime.com/it/servizi/places/centri-sportivi/catania/olimpia_fitness | https://www.facebook.com/olimpiafitnessmazzarrone/ | https://www.instagram.com/explore/locations/1024993652/olimpia-fitness-mazzarrone/
86,Spazio Danza - Centro Sport & Salute,spaziodanzamilitello,https://www.instagram.com/spaziodanzamilitello/,Militello in Val di Catania,Via Vincenzo Bellini,palestra/danza/fitness,verificato,"Profilo Instagram ufficiale trovato e attivo, confermata la localizzazione a Militello in Val di Catania e le attività di danza e fitness.",https://www.facebook.com/spaziodanzamilitello/ | https://fitnessfast.it/spazio-danza-via-vincenzo-bellini-militello-in-val-di-catania/ | https://www.instagram.com/spaziodanzamilitello/
87,L.S. Gym,l.s._gym,https://www.instagram.com/l.s._gym/,Mineo,Via Nicolò da Mineo 5,palestra,verificato,"Profilo ufficiale confermato da post Instagram e pagina Facebook, localizzato a Mineo.",https://www.instagram.com/explore/locations/1584004345229052/ls-gym/ | https://www.facebook.com/p/LS-Gym-100063797760278/
88,Physio-Gym,physio_gym18,https://www.instagram.com/physio_gym18/,Mineo,Viale Madre Teresa di Calcutta 14,palestra,verificato,"Profilo ufficiale confermato da Instagram e Facebook, localizzato a Mineo.",https://www.instagram.com/physio_gym18/ | https://www.facebook.com/p/Physio-Gym-100063010222479/
89,ASD M&N fitness club,mnfitnessclub,https://www.instagram.com/mnfitnessclub/,Mirabella Imbaccari,Via Toniolo snc,palestra,verificato,"Profilo Instagram trovato e collegato alla palestra, confermata la localizzazione a Mirabella Imbaccari.",https://www.facebook.com/p/ASD-MN-fitness-club-100028153430161/ | https://www.instagram.com/mnfitnessclub/ | https://www.localshop24.com/it/piazza-armerina-en-it/attivita/palestra-corsi-fitness/asd-mn-fitness-clubmirabella-imbaccari/
90,City Jam Fitness Dance,cityjam_fitness,https://www.instagram.com/cityjam_fitness/,Mirabella Imbaccari,Mirabella Imbaccari,scuola di danza e fitness,verificato,"Scuola di danza e fitness con profilo Instagram ufficiale, confermata la localizzazione a Mirabella Imbaccari.",https://www.facebook.com/p/cityjam_fitness-100086933087551/ | https://www.instagram.com/cityjam_fitness/
91,Corfit Sicilia,corfitsicilia,https://www.instagram.com/corfitsicilia/,Misterbianco,"Centro Sicilia, Misterbianco",palestra,verificato,"Profilo Instagram ufficiale confermato, palestra situata a Misterbianco.",https://www.instagram.com/corfitsicilia/ | https://www.facebook.com/corfitsicilia/
92,CrossFit Misterbianco,crossfitmisterbianco,https://www.instagram.com/crossfitmisterbianco/,Misterbianco,Misterbianco,box crossfit,verificato,"Profilo Instagram ufficiale confermato, box crossfit a Misterbianco.",https://www.instagram.com/crossfitmisterbianco/ | https://www.crossfitmisterbianco.com/
93,Newperformance,newperformancemisterbianco,https://www.instagram.com/newperformancemisterbianco/,Misterbianco,Misterbianco,palestra,verificato,"Profilo Instagram ufficiale confermato, palestra/danza aerea a Misterbianco.",https://www.instagram.com/newperformancemisterbianco/
94,Perfect Misterbianco,palestraperfectmisterbianco,https://www.instagram.com/palestraperfectmisterbianco/,Misterbianco,Misterbianco,palestra,verificato,"Profilo Instagram ufficiale confermato, palestra a Misterbianco.",https://www.instagram.com/palestraperfectmisterbianco/ | https://www.facebook.com/Perfect.misterbianco/
95,Perfection Village,perfectionvillage,https://www.instagram.com/perfectionvillage/,Misterbianco,Misterbianco,palestra,verificato,"Profilo Instagram ufficiale confermato, club fitness a Misterbianco.",https://www.instagram.com/perfectionvillage/ | https://www.perfectionvillage.it/
96,Shark Fitness,shark_fitness_palestre,https://www.instagram.com/shark_fitness_palestre/,Misterbianco,Misterbianco,palestra,verificato,"Profilo Instagram ufficiale confermato, palestra a Misterbianco.",https://www.instagram.com/shark_fitness_palestre/ | http://www.sharkfitness.it/
97,The Titans Gym,the_titans_gym,https://www.instagram.com/the_titans_gym/,Misterbianco,"Via Aldo Moro 22, Misterbianco",palestra,verificato,"Profilo Instagram ufficiale confermato, palestra a Misterbianco.",https://www.instagram.com/the_titans_gym/ | https://www.thetitansgym.com/
98,Eruption_CT,eruption_ct,https://www.instagram.com/eruption_ct/,Motta Sant'Anastasia,Motta Sant'Anastasia,crossfit,verificato,Profilo Instagram di un box CrossFit confermato a Motta Sant'Anastasia.,https://www.instagram.com/eruption_ct/
99,New Emotion Fit Club / Studio MedicalFit,emotionfitness19,https://www.instagram.com/emotionfitness19/,Motta Sant'Anastasia,"Viale della Regione, 31/33",fitness club,verificato,Profilo Instagram confermato per il centro fitness a Motta Sant'Anastasia.,https://www.facebook.com/emotion.fitnessclub/ | https://www.instagram.com/emotionfitness19/ | https://www.fresha.com/lvp/new-e-motion-fitness-club-studio-medicalfit-viale-della-regione-motta-A7M3jb
100,Palestre VIP - Sport & Fit Village Motta,palestrevip,https://www.instagram.com/palestrevip/,Motta Sant'Anastasia,Via E. Toti 27,palestra,verificato,Profilo Instagram confermato per la palestra a Motta Sant'Anastasia.,https://palestrevip.it/ | https://www.facebook.com/palestrevip/ | https://www.instagram.com/palestrevip/
101,Gymtonic,gymtonic.nicolosi,https://www.instagram.com/gymtonic.nicolosi/,Nicolosi,Via Fornace 36/B,palestra,verificato,Profilo Instagram confermato come palestra a Nicolosi.,https://www.instagram.com/gymtonic.nicolosi/
102,Palestra In Forma,informa.palestra,https://www.instagram.com/informa.palestra/,Nicolosi,Via Aldo Moro 37,palestra,verificato,Profilo Instagram confermato come palestra a Nicolosi.,https://www.instagram.com/informa.palestra/ | https://www.facebook.com/PalestraInFormaNicolosi/
103,A.S.D Golden Drago,asdgoldendrago.gym,https://www.instagram.com/asdgoldendrago.gym/,Palagonia,"Via Livorno nr 19, Palagonia",palestra,verificato,"Profilo Instagram ufficiale confermato, associazione sportiva di arti marziali e fitness a Palagonia.",https://www.instagram.com/asdgoldendrago.gym/ | https://www.facebook.com/asdgoldendragopalagonia/
104,Gym Tonic,gymtonic2023,https://www.instagram.com/gymtonic2023/,Palagonia,Palagonia,palestra,verificato,"Profilo Instagram ufficiale confermato, palestra a Palagonia.",https://www.instagram.com/gymtonic2023/ | https://www.facebook.com/p/Gym-Tonic-100089354041649/
105,Powergym - Gaetano Russo,gaetano_russo_pt,https://www.instagram.com/gaetano_russo_pt/,Palagonia,"SP25i, 95046 Palagonia CT",palestra,verificato,Profilo del personal trainer associato alla palestra Powergym a Palagonia.,https://www.instagram.com/gaetano_russo_pt/ | https://www.instagram.com/explore/locations/1130910000314188/ | https://fitnessfast.it/powergym-gaetano-russo-sp25i-palagonia/
106,EnergyFitness Paternò,energyfitnesspalestra,https://www.instagram.com/energyfitnesspalestra/,Paternò,Paternò,palestra,verificato,Profilo Instagram apparentemente valido e coerente con Paternò.,https://www.instagram.com/energyfitnesspalestra/
107,Evolution Gym,gym_evolution_paterno,https://www.instagram.com/gym_evolution_paterno/,Paternò,Paternò,palestra,verificato,Profilo Instagram apparentemente valido e coerente con Paternò.,https://www.instagram.com/gym_evolution_paterno/
108,Powerfitlab,powerfitlab,https://www.instagram.com/powerfitlab/,Paternò,Paternò,palestra,verificato,Profilo Instagram apparentemente valido e coerente con Paternò.,https://www.instagram.com/powerfitlab/
109,Primalstrong Elite,primalstrong_elite,https://www.instagram.com/primalstrong_elite/,Paternò,Paternò,crossfit,verificato,Profilo Instagram apparentemente valido e coerente con Paternò.,https://www.instagram.com/primalstrong_elite/
110,Privè Wellness Fitness,prive_wellness_fitness,https://www.instagram.com/prive_wellness_fitness/,Paternò,Paternò,palestra,verificato,Profilo Instagram apparentemente valido e coerente con Paternò.,https://www.instagram.com/prive_wellness_fitness/
111,Selection Palestre,selection_palestre,https://www.instagram.com/selection_palestre/,Paternò,Paternò,palestra,verificato,Profilo Instagram apparentemente valido e coerente con Paternò.,https://www.instagram.com/selection_palestre/
112,Spartan Fitness Paternò,spartan_fitness_paterno,https://www.instagram.com/spartan_fitness_paterno/,Paternò,Paternò,palestra,verificato,Profilo Instagram apparentemente valido e coerente con Paternò.,https://www.instagram.com/spartan_fitness_paterno/
113,tbF Gym & Fitness Center,tbfgym,https://www.instagram.com/tbfgym/,Paternò,Paternò,palestra,verificato,Profilo Instagram apparentemente valido e coerente con Paternò.,https://www.instagram.com/tbfgym/
114,Urban Box,urbanboxssd,https://www.instagram.com/urbanboxssd/,Paternò,"Contrada Monafria sn, 95047 Paternò CT",palestra,verificato,Profilo Instagram apparentemente valido e coerente con Paternò.,https://www.instagram.com/urbanboxssd/
115,Palestra Body Art,body_art_palestre,https://www.instagram.com/body_art_palestre/,Pedara,"Corso Ara di Giove, 76",palestra,verificato,"Profilo ufficiale confermato, fa riferimento alla sede di Pedara.",https://www.palestrebodyart.it/ | https://www.instagram.com/body_art_palestre/
116,Body Town Club,bodytown_club,https://www.instagram.com/bodytown_club/,Piedimonte Etneo,"Via Barbarino G., 3",Palestra / CrossFit / Fitness,verificato,"Profilo Instagram attivo, indirizzo e attività fitness confermati a Piedimonte Etneo.",https://www.instagram.com/bodytown_club/ | https://www.facebook.com/bodytownclub/
117,Funny Club,asd_funnyclub,https://www.instagram.com/asd_funnyclub/,Piedimonte Etneo,"Via Serro, 22",Scuola di Danza e Fitness / Pilates,verificato,"Profilo Instagram attivo, indirizzo e attività fitness/danza confermati a Piedimonte Etneo.",https://www.instagram.com/asd_funnyclub/ | https://www.facebook.com/p/Funny-Club-100062994896244/
118,ASD Natural Gym,asd_naturalgym,https://www.instagram.com/asd_naturalgym/,Raddusa,"Via Rivoli, snc",palestra,verificato,"Profilo ufficiale attivo, confermato da documenti regionali e post su Facebook.",https://www.instagram.com/asd_naturalgym/ | https://www.facebook.com/p/ASD-Natural-Gym-61551623832703/
119,Fitness & Fun Club,fitness_fun_club,https://www.instagram.com/fitness_fun_club/,Raddusa,Raddusa,palestra,da_controllare,"Palestra menzionata in articoli locali e post social, ma non è stato trovato un profilo Instagram ufficiale chiaro.",https://www.ilsolidale.it/post.php?a=2023 | https://www.instagram.com/explore/locations/194243094450336/fitness-fun-club-levoluzione-del-movimento/nearby/
120,Etna Climbing,etnaclimbing_ragalna,https://www.instagram.com/etnaclimbing_ragalna/,Ragalna,Via Paternò sn,palestra d'arrampicata,verificato,Pagina ufficiale palestra d'arrampicata a Ragalna confermata.,https://www.etnaclimbing.com/ | https://www.instagram.com/etnaclimbing_ragalna/
121,Fitness Extreme Palestra,fitness.extreme.palestra,https://www.instagram.com/fitness.extreme.palestra/,Ragalna,Via A.Moschetto 1,palestra,verificato,Profilo ufficiale palestra a Ragalna confermato.,https://www.instagram.com/fitness.extreme.palestra/
122,Palazzetto dello Sport di Ragalna,palazzetto_dello_sport,https://www.instagram.com/palazzetto_dello_sport/,Ragalna,Via Paternò,palazzetto dello sport/palestra,verificato,"Struttura sportiva a Ragalna confermata, ospita attività fitness.",https://www.instagram.com/palazzetto_dello_sport/ | https://www.instagram.com/explore/locations/1019365736/palazzetto-dello-sport-di-ragalna/ | https://fitnessfast.it/palazzetto-dello-sport-ragalna/
123,A.S.D. Fitness Center Ramacca,fitnesscenterramacca,https://www.instagram.com/fitnesscenterramacca/,Ramacca,Ramacca,palestra,verificato,Profilo Instagram e pagina Facebook ufficiali trovati e attivi. Localizzazione a Ramacca confermata.,https://www.instagram.com/fitnesscenterramacca/ | https://www.facebook.com/alessandronicodemo77/
124,SSD BodyMind+,bodymind_randazzo,https://www.instagram.com/bodymind_randazzo/,Randazzo,Via Vittorio Veneto 43,palestra,verificato,"Profilo Instagram ufficiale trovato e attivo, localizzato a Randazzo (CT).",https://www.instagram.com/bodymind_randazzo/ | https://palestre.fitness/it/z/47920-randazzo/
125,Sporting Club Riposto,sportingclubriposto,https://www.instagram.com/sportingclubriposto/,Riposto,Via Giuseppe Spina snc,palestra,verificato,"Profilo Instagram attivo, indirizzo e attività confermati tramite fonti web (Facebook, Infobel, Cybo).",https://www.instagram.com/sportingclubriposto/ | https://www.facebook.com/sportingriposto/
126,Strength School,strength.school,https://www.instagram.com/strength.school/,Riposto,Via Piave 10,palestra,verificato,"Profilo Instagram attivo, indirizzo e attività confermati tramite fonti web (Instagram, Facebook, Fitprime).",https://www.instagram.com/strength.school/ | https://www.facebook.com/STRNGTHSCHOOL/
127,A S D Route 117,asd_route117,https://www.instagram.com/asd_route117/,San Cono,"Strada comunale Piano Luppino, San Cono",club sportivo con piscina,verificato,"Profilo Instagram ufficiale trovato, club sportivo con piscina a San Cono.",https://www.facebook.com/ASDroute117/ | https://www.instagram.com/asd_route117/
128,Asd Centro Gea Sanconese,centro_gea,https://www.instagram.com/centro_gea/,San Cono,San Cono,palestra,da_controllare,"Centro sportivo locale a San Cono, profilo Instagram da verificare ulteriormente ma probabile.",https://www.tripadvisor.com/Attraction_Review-g10838834-d33067808-Reviews-Asd_Centro_Gea_Sanconese-San_Cono_Province_of_Catania_Sicily.html | https://www.instagram.com/p/C5DsmEgsj8H/
129,Alpha Fitness,alphafitnessasd,https://www.instagram.com/alphafitnessasd/,San Giovanni la Punta,Via della Regione 348,palestra,verificato,Profilo verificato tramite ricerca web.,https://www.instagram.com/alphafitnessasd/ | https://www.facebook.com/p/Alpha-Fitness-asd-100092256596725/
130,Black Soul Fitness,blacksoul_fitness,https://www.instagram.com/blacksoul_fitness/,San Giovanni la Punta,Via Ragusa 9,cross training,verificato,Profilo verificato tramite ricerca web.,https://www.instagram.com/blacksoul_fitness/ | https://www.blacksoulfitness.com/
131,Fit And Go,fitandgo_ct,https://www.instagram.com/fitandgo_ct/,San Giovanni la Punta,Via delle Sciare 14,centro fitness,verificato,Profilo verificato tramite ricerca web.,https://www.instagram.com/fitandgo_ct/ | https://fitandgo.it/dove-siamo/san-giovanni-la-punta/
132,FitActive Catania Le Zagare,fitactivecatanialezagare,https://www.instagram.com/fitactivecatanialezagare/,San Giovanni la Punta,"Via A. Manzoni, snc",palestra,verificato,Profilo verificato tramite ricerca web.,https://www.instagram.com/fitactivecatanialezagare/ | https://www.fitactive.it/i-club/CataniaLeZagare.php
133,kreabenessere,kreabenessere,https://www.instagram.com/kreabenessere/,San Giovanni la Punta,San Giovanni la Punta,centro fitness,verificato,"Centro fitness/benessere a San Giovanni la Punta, confermato da Fit And Go.",https://www.instagram.com/kreabenessere/
134,New Fitness,newfitness1996,https://www.instagram.com/newfitness1996/,San Giovanni la Punta,Via Puglia 15,palestra,verificato,Profilo verificato tramite ricerca web.,https://www.instagram.com/newfitness1996/ | https://www.newfitness.club/
135,StudioP.47,studiop.47,https://www.instagram.com/studiop.47/,San Giovanni la Punta,San Giovanni la Punta,pilates,probabile,"Profilo pilates a San Giovanni la Punta, menzionato da ASD Strumento Puntese.",https://www.instagram.com/studiop.47/
136,66 Training Lab,66traininglab,https://www.instagram.com/66traininglab/,San Gregorio di Catania,Via Scala 74,"functional training, pilates",verificato,"Profilo ufficiale confermato, studio fitness situato a San Gregorio di Catania.",https://www.66traininglab.com/ | https://www.instagram.com/66traininglab/
137,Fit House Personal Training Studio,fithouse__ct,https://www.instagram.com/fithouse__ct/,San Gregorio di Catania,Via Giorgio De Chirico 9,"personal training, functional training",verificato,"Profilo ufficiale confermato, studio di personal training situato a San Gregorio di Catania.",https://www.facebook.com/p/Fit-House-100083352672178/ | https://www.instagram.com/fithouse__ct/
138,A.S.D Step Of Dance,asdstepofdance,https://www.instagram.com/asdstepofdance/,San Michele di Ganzaria,Via nazionale 112,palestra / scuola di danza,verificato,Profilo ufficiale confermato come palestra e scuola di danza a San Michele di Ganzaria,https://www.instagram.com/asdstepofdance/ | https://www.facebook.com/100069657367302/
139,ANTARES FIT PALESTRE,_antaresfit_,https://www.instagram.com/_antaresfit_/,San Pietro Clarenza,Via Umberto 311,palestra,verificato,"Profilo Instagram ufficiale confermato tramite ricerca web, bio indica San Pietro Clarenza (CT).",https://www.instagram.com/_antaresfit_/ | https://fitnessfast.it/antares-fit-via-umberto-san-pietro-clarenza/
140,Atlas Fitness Club,atlasfitnessclub_ct,https://www.instagram.com/atlasfitnessclub_ct/,Sant'Agata li Battiati,"Via dello Stadio, 11",palestra,verificato,Profilo Instagram attivo e localizzato a Sant'Agata li Battiati,https://www.atlasfitnessclub.it/ | https://www.instagram.com/atlasfitnessclub_ct/
141,ILovePilates,ilovepilatesct,https://www.instagram.com/ilovepilatesct/,Sant'Agata li Battiati,Sant'Agata li Battiati,pilates,verificato,Profilo Instagram attivo e localizzato a Sant'Agata li Battiati,https://www.instagram.com/ilovepilatesct/
142,Xtreme Fitness,xtremefitnessbattiati,https://www.instagram.com/xtremefitnessbattiati/,Sant'Agata li Battiati,Via John Fitzgerald Kennedy 13A,palestra,verificato,Profilo Instagram attivo e localizzato a Sant'Agata li Battiati,https://www.xtremefitnesscatania.it/ | https://www.instagram.com/xtremefitnessbattiati/
143,Infinity Gym,infinitygympool,https://www.instagram.com/infinitygympool/,Santa Maria di Licodia,"Via Aldo Moro, 25",palestra,verificato,"Profilo Instagram esistente e attivo, confermata la localizzazione a Santa Maria di Licodia e l'attività di palestra/piscina.",https://www.instagram.com/infinitygympool/ | https://fitnessfast.it/infinity-gym-via-aldo-moro-santa-maria-di-licodia/ | https://www.facebook.com/p/Total-Fitness-100063675695120/
144,Ostara Fitness&Studio,ostarafitness,https://www.instagram.com/ostarafitness/,Santa Venerina,Via Felicetto n.10 Linera,palestra,verificato,"Profilo Instagram e sito web ufficiali trovati, confermata la presenza a Santa Venerina.",https://www.instagram.com/ostarafitness/ | https://ostara.webflow.io/ | https://www.instagram.com/explore/locations/1009876603/ostara-fitnessstudio/
145,Thai Lions,thai_lions_fighters,https://www.instagram.com/thai_lions_fighters/,Santa Venerina,"Via Umberto, 16/M",palestra,verificato,"Profilo Instagram trovato, confermata la presenza a Santa Venerina (Accademia Sicilia Muay Thai).",https://www.instagram.com/thai_lions_fighters/ | https://www.zumba.com/it-IT/class_detail/e5c2f823-61a2-4d37-ab6a-5ac6c1197df6 | https://accademiathailions.it/
146,Body Extreme,body_extreme_scordia,https://www.instagram.com/body_extreme_scordia/,Scordia,Via Guido Rossa,palestra,da_controllare,"Esiste solo come location su Instagram, non come profilo ufficiale.",https://www.instagram.com/explore/locations/344399513135023/body-extreme-scordia/ | https://fitnessfast.it/body-extreme-via-guido-rossa-scordia/
147,Gymnica Sport Village,gymnica_sport_village,https://www.instagram.com/gymnica_sport_village/,Scordia,Contrada Scalazza SP29 per Palagonia,centro sportivo polifunzionale,verificato,Profilo Instagram ufficiale attivo e verificato.,https://www.instagram.com/gymnica_sport_village/ | https://www.facebook.com/GymnicaSportVillage/
148,Kross Garage Gym Scordia,krossgaragegymscordia,https://www.instagram.com/krossgaragegymscordia/,Scordia,Scordia,crossfit,verificato,Profilo Instagram ufficiale attivo e verificato.,https://www.instagram.com/krossgaragegymscordia/
149,Music Gym ASD,music_gym_asd_scordia,https://www.instagram.com/music_gym_asd_scordia/,Scordia,Scordia,palestra,da_controllare,"Esiste solo come location su Instagram, non come profilo ufficiale.",https://www.instagram.com/explore/locations/145842919194771/music-gym-asd-scordia/
150,CARPE DIEM Fitness 360 gradi,carpediemfitness360gradi,https://www.instagram.com/carpediemfitness360gradi/,Trecastagni,"Via San Benedetto, 18",palestra,verificato,"Profilo ufficiale attivo, indirizzo confermato a Trecastagni.",https://www.instagram.com/carpediemfitness360gradi/ | https://totalfitnessconceptitaly.it/carpe-diem-fitness-360-gradi-trecastagni/
151,Tribe Functional Training Box,tribefunctionaltrainingbox,https://www.instagram.com/tribefunctionaltrainingbox/,Trecastagni,Via Giuseppe Verdi,functional training,verificato,"Profilo Instagram esistente, indirizzo confermato a Trecastagni.",https://www.instagram.com/tribefunctionaltrainingbox/ | https://www.facebook.com/p/Tribe-Functional-Training-Box-100046824776037/
152,Centro Sportivo Muri Antichi,muri_antichi,https://www.instagram.com/muri_antichi/,Tremestieri Etneo,"Via del Canalicchio, 21",centro sportivo,verificato,"Profilo ufficiale confermato, indirizzo a Tremestieri Etneo.",https://www.instagram.com/muri_antichi/ | https://www.muriantichi.it/palestra
153,Palestre Workout,palestre_workout,https://www.instagram.com/palestre_workout/,Tremestieri Etneo,Via Luigi Capuana 45,palestra,verificato,"Profilo ufficiale confermato, indirizzo a Tremestieri Etneo.",https://www.instagram.com/palestre_workout/ | https://www.palestreworkout.it/struttura-tremestieri.php
154,A.S.D. Jamming Palestre,jammingpalestre,https://www.instagram.com/jammingpalestre/,Valverde,Valverde,palestra/ginnastica ritmica,verificato,"Sede principale a San Giovanni la Punta, ma offre corsi anche a Valverde. Profilo attivo.",https://www.instagram.com/jammingpalestre/ | https://www.asjammingpalestre.it/ | https://www.instagram.com/p/DPdTmGqDKHG/
155,Cross Fight Russo,cross_fight_russo,https://www.instagram.com/cross_fight_russo/,Valverde,"Via Dante Alighieri, 23",cross training/arti marziali,verificato,"Profilo attivo, indirizzo confermato a Valverde in Via Dante Alighieri 23.",https://www.instagram.com/cross_fight_russo/ | https://www.facebook.com/crossfight.russo/ | https://www.facebook.com/p/Cross_Fight_Russo-100066944837971/
156,Vitality Fit Lab (ex Antaeus Palestre),vitalityfitlab_giacomo,https://www.instagram.com/vitalityfitlab_giacomo/,Valverde,"Via Etnea, 52",palestra,verificato,"Profilo attivo, indirizzo confermato a Valverde in Via Etnea 52.",https://www.instagram.com/vitalityfitlab_giacomo/ | https://www.facebook.com/vitalityfitlab/ | https://valverde.guidasicilia.it/azienda/catania/valverde/palestre-e-fitness/antaeus-palestre/50819
157,Energy Fitness A.S.D.,energyfitnessviagrande,https://www.instagram.com/energyfitnessviagrande/,Viagrande,"Via Antonello da Messina, 7a",palestra,verificato,"Profilo Instagram ufficiale attivo, indirizzo confermato a Viagrande (CT).",https://www.instagram.com/energyfitnessviagrande/ | https://www.facebook.com/energyfitnessviagrande/ | https://wellhub.com/it-it/search/sicilia/viagrande/
158,Master Fitness,masterfitness.viagrande,https://www.instagram.com/masterfitness.viagrande/,Viagrande,"Via Vittorio Emanuele, 205",palestra,verificato,"Profilo Instagram ufficiale attivo, indirizzo confermato a Viagrande (CT).",https://www.instagram.com/masterfitness.viagrande/ | https://palestramasterfitnessviagrande.it/
159,EVI FITNESS,evifitness2023,https://www.instagram.com/evifitness2023/,Vizzini,Vizzini,palestra,verificato,Profilo Instagram ufficiale trovato con indicazione Vizzini e attività fitness.,https://www.instagram.com/evifitness2023/ | https://www.facebook.com/100054276890182/videos/la-evi-fitness-vizzini/24283134661293193/ | https://www.localshop24.com/it/vizzini-ct-it/attivita/palestra-corsi-fitness/evifitness/
160,4 For You Fitness Club,4_foryoufitnessclub,https://www.instagram.com/4_foryoufitnessclub/,Zafferana Etnea,Via Archimede 3,centro fitness,verificato,"Profilo Instagram attivo, indirizzo e comune confermati dalle fonti pubbliche.",https://www.instagram.com/4_foryoufitnessclub/ | https://www.facebook.com/4foryouzafferanaetnea/
161,Body Power Gym,bodypowergym2019,https://www.instagram.com/bodypowergym2019/,Zafferana Etnea,Via Vittorio Emanuele 33,palestra,verificato,"Profilo Instagram attivo, indirizzo e comune confermati dalle fonti pubbliche.",https://www.instagram.com/bodypowergym2019/ | https://www.fresha.com/lvp/body-power-gym-via-vittorio-emanuele-zafferana-etnea-2GN29B | https://www.facebook.com/Palestra2021/
162,Evolution fitness1588,evolutionfitness1588,https://www.instagram.com/evolutionfitness1588/,Zafferana Etnea,Via Garibaldi 238,palestra,verificato,"Profilo Instagram attivo, indirizzo e comune confermati dalle fonti pubbliche.",https://www.instagram.com/evolutionfitness1588/ | https://www.instagram.com/grazya05_personal_trainer/
